<?xml version="1.0" encoding="UTF-8"?>
<beans xmlns="http://www.springframework.org/schema/beans"
	xmlns:xsi="http://www.w3.org/2001/XMLSchema-instance"
	xmlns:context="http://www.springframework.org/schema/context"
	xmlns:aop="http://www.springframework.org/schema/aop"
	xmlns:jdbc="http://www.springframework.org/schema/jdbc"
	xmlns:tx="http://www.springframework.org/schema/tx"
	xsi:schemaLocation="http://www.springframework.org/schema/jdbc http://www.springframework.org/schema/jdbc/spring-jdbc-4.3.xsd
		http://www.springframework.org/schema/context https://www.springframework.org/schema/context/spring-context-4.3.xsd
		http://www.springframework.org/schema/beans http://www.springframework.org/schema/beans/spring-beans.xsd
		http://www.springframework.org/schema/aop http://www.springframework.org/schema/aop/spring-aop-4.3.xsd
		http://www.springframework.org/schema/tx http://www.springframework.org/schema/tx/spring-tx-4.3.xsd">

	<context:component-scan base-package="springjdbc" />
	
	<aop:aspectj-autoproxy />
	
	<context:property-placeholder location="classpath:/springjdbc/prop/db.properties" />
	
	<!-- DataSource -->
	<bean id="dataSource" class="org.apache.commons.dbcp.BasicDataSource" 
		destroy-method="close">
	    <property name="driverClassName" value="${jdbc.driver}"/>    
	    <property name="url" value="${jdbc.url}"/> 
	    <property name="username" value="${jdbc.username}"/> 
	    <property name="password" value="${jdbc.password}"/>   
	</bean>
	
	<!-- JdbcTemplate -->
	<bean class="org.springframework.jdbc.core.JdbcTemplate">
        <property name="dataSource" ref="dataSource"/>
	</bean>
	
	<!-- TransactionManager -->
	<bean id="txManager" 
		class="org.springframework.jdbc.datasource.DataSourceTransactionManager">
    	<property name="dataSource" ref="dataSource" />
	</bean>
	
	<!-- Transaction Advice -->
	<tx:advice id="txAdvice" transaction-manager="txManager">
        <tx:attributes>
                <tx:method name="get*" read-only="true" />
                <tx:method name="*" />
        </tx:attributes>
	</tx:advice>
	
	<!-- Transaction Advisor -->
	<aop:config>
        <aop:pointcut id="txPointcut" expression="execution(* springjdbc.dao..*Impl.*(..))" />
        <aop:advisor pointcut-ref="txPointcut" advice-ref="txAdvice"/>
	</aop:config>

</beans>